<?xml version="1.0" encoding="UTF-8"?>
<project-private xmlns="http://www.netbeans.org/ns/project-private/1">
    <editor-bookmarks xmlns="http://www.netbeans.org/ns/editor-bookmarks/2" lastBookmarkId="0"/>
    <open-files xmlns="http://www.netbeans.org/ns/projectui-open-files/2">
        <group>
            <file>file:/D:/Code/webLab/Lab_4_exercise/web/index.jsp</file>
            <file>file:/D:/Code/webLab/Lab_4_exercise/web/META-INF/context.xml</file>
            <file>file:/D:/Code/webLab/Lab_4_exercise/src/java/EmailServlet.java</file>
        </group>
    </open-files>
</project-private>
