<?xml version="1.0" encoding="UTF-8"?>
<project-private xmlns="http://www.netbeans.org/ns/project-private/1">
    <editor-bookmarks xmlns="http://www.netbeans.org/ns/editor-bookmarks/2" lastBookmarkId="0"/>
    <open-files xmlns="http://www.netbeans.org/ns/projectui-open-files/2">
        <group>
            <file>file:/C:/Users/Asus/Desktop/Web%20application%20development/Lab/Week%205/CourseRegistration/src/java/DataProcessingPackage/StudentManager.java</file>
            <file>file:/C:/Users/Asus/Desktop/Web%20application%20development/Lab/Week%205/CourseRegistration/src/java/DataProcessingPackage/CourseManager.java</file>
            <file>file:/C:/Users/Asus/Desktop/Web%20application%20development/Lab/Week%205/CourseRegistration/src/java/DataProcessingPackage/RegistrationManager.java</file>
        </group>
    </open-files>
</project-private>
